Question,Answer,Tags
What was the main aesthetic shift in music during the Classical era?,"The shift was from the complexity of the Baroque to clarity, elegance, and balanced form.","ClassicalEra, MusicAesthetics"
What is sonata form and why is it significant in the Classical period?,"Sonata form is a structural principle based on the exposition, development, and recapitulation of musical themes. It became the backbone of symphonies, string quartets, and solo sonatas, providing both formal clarity and emotional depth.","SonataForm, ClassicalEra, MusicStructure"
Which composer was influential in shaping the modern symphony orchestra during the Classical era?,"Joseph Haydn played a key role in shaping the modern symphony orchestra, working with the Esterh√°zy court orchestra.","ClassicalEra, SymphonyOrchestra, JosephHaydn"
What role did the string quartet play in Classical chamber music?,"The string quartet emerged as a premier vehicle for musical expression, balancing individual expression with ensemble cohesion. Haydn and Mozart significantly contributed to its development.","ClassicalEra, ChamberMusic, StringQuartet"
How did Mozart contribute to the Classical style?,Mozart synthesized the contrapuntal complexity of the Baroque with the clarity and formal balance of the Classical period. His operas and instrumental works demonstrate mastery of these styles.,"ClassicalEra, Mozart, MusicStyle"
What is significant about Beethoven's early works in the Classical period?,"Beethoven's early works, while rooted in Classical traditions, began to push the boundaries of form and expression, leading towards Romanticism.","ClassicalEra, Beethoven, MusicTransition"
How did the social and cultural context change during the Classical period?,The rise of public concerts and a growing middle class created new audiences. The decline of church and aristocratic patronage meant composers had to appeal to public taste.,"ClassicalEra, SocialContext"
Why did the piano become the preferred keyboard instrument in the Classical era?,"The piano became preferred due to its ability to play both soft and loud (piano e forte), making it ideal for Classical expression.","ClassicalEra, InstrumentDevelopments, Piano"
What were some instrumental developments during the Classical period?,"Wind instruments were improved for reliability, the clarinet was added to the standard orchestra, and the piano replaced the harpsichord.","ClassicalEra, InstrumentDevelopments"
What were some lasting influences of the Classical era on music?,"The Classical era's emphasis on clarity, balance, and formal perfection set standards for musical form and expression that influenced later developments.","ClassicalEra, MusicalInfluence"
